n_atoms	energy_per_atom	memory_usage	process_time
464	-2.9278929274922585	572.7578125	8.569328308105469
